"date","product","quantity"
"2026-07-06","아메리카노","192"
"2026-07-06","카페 라테","155"
"2026-07-06","콜드 브루","108"
"2026-07-07","아메리카노","195"
"2026-07-07","카페 라테","140"
"2026-07-07","콜드 브루","79"
"2026-07-08","아메리카노","169"
"2026-07-08","카페 라테","111"
"2026-07-08","콜드 브루","66"
"2026-07-09","아메리카노","173"
"2026-07-09","카페 라테","135"
"2026-07-09","콜드 브루","98"
"2026-07-10","아메리카노","212"
"2026-07-10","카페 라테","171"
"2026-07-10","콜드 브루","117"
"2026-07-11","아메리카노","255"
"2026-07-11","카페 라테","195"
"2026-07-11","콜드 브루","136"
"2026-07-12","아메리카노","222"
"2026-07-12","카페 라테","170"
"2026-07-12","콜드 브루","129"
"2026-07-13","아메리카노","187"
"2026-07-13","카페 라테","151"
"2026-07-13","콜드 브루","111"
"2026-07-14","아메리카노","197"
"2026-07-14","카페 라테","149"
"2026-07-14","콜드 브루","90"
"2026-07-15","아메리카노","180"
"2026-07-15","카페 라테","119"
"2026-07-15","콜드 브루","65"
"2026-07-16","아메리카노","176"
"2026-07-16","카페 라테","130"
"2026-07-16","콜드 브루","93"
"2026-07-17","아메리카노","207"
"2026-07-17","카페 라테","170"
"2026-07-17","콜드 브루","124"
"2026-07-18","아메리카노","261"
"2026-07-18","카페 라테","206"
"2026-07-18","콜드 브루","145"
"2026-07-19","아메리카노","233"
"2026-07-19","카페 라테","174"
"2026-07-19","콜드 브루","125"
"2026-07-20","아메리카노","186"
"2026-07-20","카페 라테","145"
"2026-07-20","콜드 브루","109"
"2026-07-21","아메리카노","194"
"2026-07-21","카페 라테","153"
"2026-07-21","콜드 브루","100"
"2026-07-22","아메리카노","190"
"2026-07-22","카페 라테","130"
"2026-07-22","콜드 브루","70"
"2026-07-23","아메리카노","185"
"2026-07-23","카페 라테","130"
"2026-07-23","콜드 브루","87"
"2026-07-24","아메리카노","203"
"2026-07-24","카페 라테","166"
"2026-07-24","콜드 브루","126"
"2026-07-25","아메리카노","261"
"2026-07-25","카페 라테","214"
"2026-07-25","콜드 브루","155"
"2026-07-26","아메리카노","244"
"2026-07-26","카페 라테","182"
"2026-07-26","콜드 브루","126"
"2026-07-27","아메리카노","190"
"2026-07-27","카페 라테","141"
"2026-07-27","콜드 브루","103"
"2026-07-28","아메리카노","189"
"2026-07-28","카페 라테","151"
"2026-07-28","콜드 브루","106"
"2026-07-29","아메리카노","195"
"2026-07-29","카페 라테","141"
"2026-07-29","콜드 브루","79"
"2026-07-30","아메리카노","196"
"2026-07-30","카페 라테","135"
"2026-07-30","콜드 브루","84"
"2026-07-31","아메리카노","203"
"2026-07-31","카페 라테","160"
"2026-07-31","콜드 브루","122"
"2026-08-01","아메리카노","257"
"2026-08-01","카페 라테","217"
"2026-08-01","콜드 브루","165"
"2026-08-02","아메리카노","253"
"2026-08-02","카페 라테","194"
"2026-08-02","콜드 브루","132"
"2026-08-03","아메리카노","199"
"2026-08-03","카페 라테","142"
"2026-08-03","콜드 브루","97"
"2026-08-04","아메리카노","185"
"2026-08-04","카페 라테","146"
"2026-08-04","콜드 브루","106"
"2026-08-05","아메리카노","194"
"2026-08-05","카페 라테","148"
"2026-08-05","콜드 브루","90"
"2026-08-06","아메리카노","207"
"2026-08-06","카페 라테","145"
"2026-08-06","콜드 브루","85"
"2026-08-07","아메리카노","208"
"2026-08-07","카페 라테","157"
"2026-08-07","콜드 브루","116"
"2026-08-08","아메리카노","252"
"2026-08-08","카페 라테","214"
"2026-08-08","콜드 브루","170"
"2026-08-09","아메리카노","257"
"2026-08-09","카페 라테","204"
"2026-08-09","콜드 브루","141"
"2026-08-10","아메리카노","211"
"2026-08-10","카페 라테","149"
"2026-08-10","콜드 브루","95"
"2026-08-11","아메리카노","186"
"2026-08-11","카페 라테","141"
"2026-08-11","콜드 브루","102"
"2026-08-12","아메리카노","190"
"2026-08-12","카페 라테","149"
"2026-08-12","콜드 브루","98"
"2026-08-13","아메리카노","215"
"2026-08-13","카페 라테","156"
"2026-08-13","콜드 브루","93"
"2026-08-14","아메리카노","219"
"2026-08-14","카페 라테","159"
"2026-08-14","콜드 브루","111"
"2026-08-15","아메리카노","250"
"2026-08-15","카페 라테","209"
"2026-08-15","콜드 브루","169"
"2026-08-16","아메리카노","255"
"2026-08-16","카페 라테","209"
"2026-08-16","콜드 브루","152"
"2026-08-17","아메리카노","222"
"2026-08-17","카페 라테","159"
"2026-08-17","콜드 브루","98"
"2026-08-18","아메리카노","193"
"2026-08-18","카페 라테","139"
"2026-08-18","콜드 브루","96"
"2026-08-19","아메리카노","185"
"2026-08-19","카페 라테","146"
"2026-08-19","콜드 브루","102"
"2026-08-20","아메리카노","217"
"2026-08-20","카페 라테","165"
"2026-08-20","콜드 브루","103"
"2026-08-21","아메리카노","230"
"2026-08-21","카페 라테","166"
"2026-08-21","콜드 브루","110"
"2026-08-22","아메리카노","252"
"2026-08-22","카페 라테","204"
"2026-08-22","콜드 브루","164"
"2026-08-23","아메리카노","250"
"2026-08-23","카페 라테","210"
"2026-08-23","콜드 브루","160"
"2026-08-24","아메리카노","229"
"2026-08-24","카페 라테","170"
"2026-08-24","콜드 브루","106"
"2026-08-25","아메리카노","204"
"2026-08-25","카페 라테","142"
"2026-08-25","콜드 브루","91"
"2026-08-26","아메리카노","183"
"2026-08-26","카페 라테","140"
"2026-08-26","콜드 브루","100"
"2026-08-27","아메리카노","214"
"2026-08-27","카페 라테","170"
"2026-08-27","콜드 브루","113"
"2026-08-28","아메리카노","240"
"2026-08-28","카페 라테","177"
"2026-08-28","콜드 브루","114"
"2026-08-29","아메리카노","260"
"2026-08-29","카페 라테","203"
"2026-08-29","콜드 브루","158"
"2026-08-30","아메리카노","246"
"2026-08-30","카페 라테","205"
"2026-08-30","콜드 브루","162"
"2026-08-31","아메리카노","229"
"2026-08-31","카페 라테","178"
"2026-08-31","콜드 브루","116"
"2026-09-01","아메리카노","215"
"2026-09-01","카페 라테","150"
"2026-09-01","콜드 브루","91"
"2026-09-02","아메리카노","187"
"2026-09-02","카페 라테","136"
"2026-09-02","콜드 브루","94"
"2026-09-03","아메리카노","209"
"2026-09-03","카페 라테","169"
"2026-09-03","콜드 브루","120"
"2026-09-04","아메리카노","246"
"2026-09-04","카페 라테","188"
"2026-09-04","콜드 브루","123"
"2026-09-05","아메리카노","271"
"2026-09-05","카페 라테","207"
"2026-09-05","콜드 브루","154"
"2026-09-06","아메리카노","245"
"2026-09-06","카페 라테","200"
"2026-09-06","콜드 브루","159"
"2026-09-07","아메리카노","226"
"2026-09-07","카페 라테","182"
"2026-09-07","콜드 브루","126"
"2026-09-08","아메리카노","225"
"2026-09-08","카페 라테","162"
"2026-09-08","콜드 브루","97"
"2026-09-09","아메리카노","195"
"2026-09-09","카페 라테","136"
"2026-09-09","콜드 브루","88"
"2026-09-10","아메리카노","206"
"2026-09-10","카페 라테","164"
"2026-09-10","콜드 브루","121"
"2026-09-11","아메리카노","246"
"2026-09-11","카페 라테","195"
"2026-09-11","콜드 브루","134"
"2026-09-12","아메리카노","282"
"2026-09-12","카페 라테","217"
"2026-09-12","콜드 브루","155"
"2026-09-13","아메리카노","250"
"2026-09-13","카페 라테","196"
"2026-09-13","콜드 브루","153"
"2026-09-14","아메리카노","221"
"2026-09-14","카페 라테","180"
"2026-09-14","콜드 브루","131"
"2026-09-15","아메리카노","229"
"2026-09-15","카페 라테","172"
"2026-09-15","콜드 브루","106"
"2026-09-16","아메리카노","207"
"2026-09-16","카페 라테","142"
"2026-09-16","콜드 브루","86"
"2026-09-17","아메리카노","206"
"2026-09-17","카페 라테","158"
"2026-09-17","콜드 브루","117"
"2026-09-18","아메리카노","241"
"2026-09-18","카페 라테","197"
"2026-09-18","콜드 브루","143"
"2026-09-19","아메리카노","291"
"2026-09-19","카페 라테","228"
"2026-09-19","콜드 브루","162"
"2026-09-20","아메리카노","259"
"2026-09-20","카페 라테","198"
"2026-09-20","콜드 브루","147"
"2026-09-21","아메리카노","218"
"2026-09-21","카페 라테","174"
"2026-09-21","콜드 브루","131"
"2026-09-22","아메리카노","227"
"2026-09-22","카페 라테","178"
"2026-09-22","콜드 브루","117"
"2026-09-23","아메리카노","218"
"2026-09-23","카페 라테","152"
"2026-09-23","콜드 브루","88"
"2026-09-24","아메리카노","212"
"2026-09-24","카페 라테","156"
"2026-09-24","콜드 브루","111"
"2026-09-25","아메리카노","236"
"2026-09-25","카페 라테","194"
"2026-09-25","콜드 브루","147"
"2026-09-26","아메리카노","293"
"2026-09-26","카페 라테","238"
"2026-09-26","콜드 브루","172"
"2026-09-27","아메리카노","271"
"2026-09-27","카페 라테","205"
"2026-09-27","콜드 브루","146"