"series_id","forecast_timestamp","forecast_value","model_version","run_id"
"아메리카노","2026-09-28","218","seasonal@1.0","run-1b6b4bf9"
"아메리카노","2026-09-29","227","seasonal@1.0","run-1b6b4bf9"
"아메리카노","2026-09-30","218","seasonal@1.0","run-1b6b4bf9"
"아메리카노","2026-10-01","212","seasonal@1.0","run-1b6b4bf9"
"아메리카노","2026-10-02","236","seasonal@1.0","run-1b6b4bf9"
"아메리카노","2026-10-03","293","seasonal@1.0","run-1b6b4bf9"
"아메리카노","2026-10-04","271","seasonal@1.0","run-1b6b4bf9"
"아메리카노","2026-10-05","218","seasonal@1.0","run-1b6b4bf9"
"아메리카노","2026-10-06","227","seasonal@1.0","run-1b6b4bf9"
"아메리카노","2026-10-07","218","seasonal@1.0","run-1b6b4bf9"
"아메리카노","2026-10-08","212","seasonal@1.0","run-1b6b4bf9"
"아메리카노","2026-10-09","236","seasonal@1.0","run-1b6b4bf9"
"아메리카노","2026-10-10","293","seasonal@1.0","run-1b6b4bf9"
"아메리카노","2026-10-11","271","seasonal@1.0","run-1b6b4bf9"
"카페 라테","2026-09-28","174","seasonal@1.0","run-1b6b4bf9"
"카페 라테","2026-09-29","178","seasonal@1.0","run-1b6b4bf9"
"카페 라테","2026-09-30","152","seasonal@1.0","run-1b6b4bf9"
"카페 라테","2026-10-01","156","seasonal@1.0","run-1b6b4bf9"
"카페 라테","2026-10-02","194","seasonal@1.0","run-1b6b4bf9"
"카페 라테","2026-10-03","238","seasonal@1.0","run-1b6b4bf9"
"카페 라테","2026-10-04","205","seasonal@1.0","run-1b6b4bf9"
"카페 라테","2026-10-05","174","seasonal@1.0","run-1b6b4bf9"
"카페 라테","2026-10-06","178","seasonal@1.0","run-1b6b4bf9"
"카페 라테","2026-10-07","152","seasonal@1.0","run-1b6b4bf9"
"카페 라테","2026-10-08","156","seasonal@1.0","run-1b6b4bf9"
"카페 라테","2026-10-09","194","seasonal@1.0","run-1b6b4bf9"
"카페 라테","2026-10-10","238","seasonal@1.0","run-1b6b4bf9"
"카페 라테","2026-10-11","205","seasonal@1.0","run-1b6b4bf9"
"콜드 브루","2026-09-28","131","seasonal@1.0","run-1b6b4bf9"
"콜드 브루","2026-09-29","117","seasonal@1.0","run-1b6b4bf9"
"콜드 브루","2026-09-30","88","seasonal@1.0","run-1b6b4bf9"
"콜드 브루","2026-10-01","111","seasonal@1.0","run-1b6b4bf9"
"콜드 브루","2026-10-02","147","seasonal@1.0","run-1b6b4bf9"
"콜드 브루","2026-10-03","172","seasonal@1.0","run-1b6b4bf9"
"콜드 브루","2026-10-04","146","seasonal@1.0","run-1b6b4bf9"
"콜드 브루","2026-10-05","131","seasonal@1.0","run-1b6b4bf9"
"콜드 브루","2026-10-06","117","seasonal@1.0","run-1b6b4bf9"
"콜드 브루","2026-10-07","88","seasonal@1.0","run-1b6b4bf9"
"콜드 브루","2026-10-08","111","seasonal@1.0","run-1b6b4bf9"
"콜드 브루","2026-10-09","147","seasonal@1.0","run-1b6b4bf9"
"콜드 브루","2026-10-10","172","seasonal@1.0","run-1b6b4bf9"
"콜드 브루","2026-10-11","146","seasonal@1.0","run-1b6b4bf9"